phrase,category,priority,forging_probability,negative_keywords
Forgings,transmissions,100,high,
Forged parts,transmissions,99,high,
Closed die forging,transmissions,98,high,
Open die forging,transmissions,97,high,
Hot forging,transmissions,96,high,
Drop forging,transmissions,95,high,
Cold forming,transmissions,93,high,
Gear forgings,transmissions,92,high,
Gears and gearboxes,transmissions,90,high,
Transmission components,transmissions,89,high,
Drive shafts,transmissions,88,high,
Shafts,transmissions,87,high,
Axles,automotive,86,high,
Wheel hubs,automotive,85,high,
Steering components,automotive,84,high,
Contract machining,transmissions,82,medium,
CNC machined parts,transmissions,80,medium,
Turned parts,transmissions,78,medium,
Heat treatment services,transmissions,76,high,
Hydraulic cylinder components,hydraulics,74,high,
Hydraulic fittings,hydraulics,72,medium,
Valve bodies,hydraulics,70,medium,
Flanges,hydraulics,68,medium,
Railway components,railway,66,high,
Railway axles,railway,65,high,
Agricultural machinery parts,agriculture,63,high,
Tractor components,agriculture,61,high,
Construction machinery parts,construction,59,high,
Excavator components,construction,57,medium,
Crane components,construction,55,medium,
Mining equipment parts,mining,53,medium,
Steel castings,construction,51,medium,
Metal stamping,automotive,49,low,
