phrase,category,priority,forging_probability,negative_keywords
Automobilzulieferer,automotive,72,medium,Händler;Dienstleister;Software;Elektronik
Automobilkomponenten,automotive,78,medium,Händler;Kunststoff;Elektronik
Automobilteile,automotive,68,medium,Händler;Ersatzteilhandel;Zubehör
Fahrzeugkomponenten,automotive,76,medium,Händler;Elektronik;Kunststoff
Fahrzeugteile,automotive,66,medium,Händler;Ersatzteilhandel;Zubehör
Fahrwerksteile,automotive,93,high,Händler;Gummi;Kunststoff
Fahrwerkskomponenten,automotive,94,high,Händler;Gummi;Kunststoff
Lenkungsteile,automotive,94,high,Händler;Elektronik;Kunststoff
Lenkungskomponenten,automotive,95,high,Händler;Elektronik;Kunststoff
Achskomponenten,automotive,97,high,Händler;Anhängerzubehör
Achsteile,automotive,95,high,Händler;Ersatzteilhandel
Radnaben,automotive,92,high,Händler;Ersatzteilhandel
Radnabenteile,automotive,90,high,Händler;Ersatzteilhandel
Nutzfahrzeugteile,automotive,83,high,Händler;Ersatzteilhandel;Karosserie
Nutzfahrzeugkomponenten,automotive,86,high,Händler;Elektronik;Kunststoff
LKW-Teile,automotive,79,medium,Händler;Ersatzteilhandel;Zubehör
Anhängerkomponenten,automotive,72,medium,Händler;Beleuchtung;Kunststoff
Getriebeteile,transmissions,98,high,Händler;Reparatur;Ersatzteilhandel
Getriebekomponenten,transmissions,99,high,Händler;Reparatur
Getriebehersteller,transmissions,96,high,Händler;Reparatur;Engineering
Fahrzeuggetriebe,transmissions,96,high,Händler;Reparatur
Industriegetriebe,transmissions,92,high,Händler;Reparatur
Getriebewellen,transmissions,100,high,Händler;Reparatur
Antriebswellen,transmissions,100,high,Händler;Ersatzteilhandel;Reparatur
Gelenkwellen,transmissions,99,high,Händler;Ersatzteilhandel;Reparatur
Kardanwellen,transmissions,99,high,Händler;Ersatzteilhandel;Reparatur
Profilwellen,transmissions,97,high,Händler;Normteile
Keilwellen,transmissions,97,high,Händler;Normteile
Zahnwellen,transmissions,97,high,Händler;Normteile
Kurbelwellen,transmissions,99,high,Händler;Reparatur;Motoreninstandsetzung
Zahnräder,transmissions,91,high,Händler;Kunststoffzahnräder
Kegelräder,transmissions,92,high,Händler;Kunststoffzahnräder
Planetengetriebe,transmissions,89,high,Händler;Reparatur
Antriebstechnik,transmissions,78,medium,Händler;Elektromotoren;Software
Landmaschinen,agriculture,82,high,Händler;Vermietung;Gebrauchtmaschinen
Landmaschinenhersteller,agriculture,90,high,Händler;Vermietung
Landmaschinenteile,agriculture,88,high,Händler;Ersatzteilhandel
Landmaschinenkomponenten,agriculture,91,high,Händler;Ersatzteilhandel
Landmaschinenersatzteile,agriculture,73,medium,Händler;Ersatzteilhandel
Traktorteile,agriculture,87,high,Händler;Ersatzteilhandel
Traktorkomponenten,agriculture,91,high,Händler;Ersatzteilhandel
Traktorachsen,agriculture,99,high,Händler;Ersatzteilhandel
Traktorgetriebe,agriculture,98,high,Händler;Reparatur;Ersatzteilhandel
Mähdrescherteile,agriculture,84,high,Händler;Ersatzteilhandel
Erntemaschinenteile,agriculture,84,high,Händler;Ersatzteilhandel
Erntemaschinen,agriculture,78,medium,Händler;Vermietung;Gebrauchtmaschinen
Forstmaschinen,agriculture,82,high,Händler;Vermietung;Gebrauchtmaschinen
Forstmaschinenteile,agriculture,86,high,Händler;Ersatzteilhandel
Bodenbearbeitungsmaschinen,agriculture,78,medium,Händler;Vermietung
Agrartechnik,agriculture,70,medium,Händler;Software;Beratung
Agrarmaschinenteile,agriculture,86,high,Händler;Ersatzteilhandel
Bergbaumaschinen,mining,88,high,Händler;Vermietung;Gebrauchtmaschinen
Bergbaumaschinenteile,mining,94,high,Händler;Ersatzteilhandel
Bergbautechnik,mining,79,medium,Händler;Beratung;Engineering
Bergbaukomponenten,mining,91,high,Händler;Elektronik
Baumaschinen,mining,82,high,Händler;Vermietung;Gebrauchtmaschinen
Baumaschinenteile,mining,92,high,Händler;Ersatzteilhandel
Baumaschinenkomponenten,mining,94,high,Händler;Elektronik;Kunststoff
Baumaschinenachsen,mining,99,high,Händler;Ersatzteilhandel
Baggerteile,mining,89,high,Händler;Ersatzteilhandel
Baggerkomponenten,mining,91,high,Händler;Ersatzteilhandel
Radladerteile,mining,89,high,Händler;Ersatzteilhandel
Raupenfahrzeugteile,mining,86,high,Händler;Ersatzteilhandel
Schwerlastkomponenten,mining,89,high,Händler;Logistik
Schwermaschinenbau,mining,86,high,Händler;Engineering
Fördertechnikkomponenten,mining,76,medium,Händler;Kunststoff;Elektronik
Hebezeugteile,mining,77,medium,Händler;Ersatzteilhandel
Kranbauteile,mining,81,high,Händler;Ersatzteilhandel
Schienenfahrzeugbauteile,railway,96,high,Händler;Ersatzteilhandel
Schienenfahrzeugteile,railway,94,high,Händler;Ersatzteilhandel
Schienenfahrzeugkomponenten,railway,96,high,Händler;Elektronik;Innenausbau
Ersatzteile für Schienenfahrzeuge,railway,82,medium,Händler;Ersatzteilhandel
Bahntechnik,railway,76,medium,Händler;Signaltechnik;Elektronik
Bahntechnikkomponenten,railway,84,high,Händler;Signaltechnik;Elektronik
Eisenbahnteile,railway,91,high,Händler;Ersatzteilhandel
Eisenbahnkomponenten,railway,93,high,Händler;Elektronik
Radsätze,railway,99,high,Händler;Ersatzteilhandel
Radsatzwellen,railway,100,high,Händler;Ersatzteilhandel
Eisenbahnachsen,railway,100,high,Händler;Ersatzteilhandel
Schienenfahrzeugachsen,railway,100,high,Händler;Ersatzteilhandel
Drehgestellteile,railway,98,high,Händler;Ersatzteilhandel
Drehgestellkomponenten,railway,98,high,Händler;Elektronik
Kupplungen für Schienenfahrzeuge,railway,94,high,Händler;Ersatzteilhandel
Lokomotivteile,railway,88,high,Händler;Ersatzteilhandel
Hydraulikkomponenten,hydraulics,93,high,Händler;Schläuche;Dichtungen
Hydraulikteile,hydraulics,87,high,Händler;Schläuche;Dichtungen
Hydraulikhersteller,hydraulics,86,high,Händler;Service
Hydraulikzylinder,hydraulics,91,high,Händler;Reparatur
Hydraulikzylinderteile,hydraulics,92,high,Händler;Dichtungen
Hydraulikventile,hydraulics,93,high,Händler;Magnetventile;Kunststoff
Hydraulikventilblöcke,hydraulics,90,high,Händler;Aluminium
Hydraulikpumpen,hydraulics,89,high,Händler;Reparatur
Hydraulikmotoren,hydraulics,88,high,Händler;Reparatur
Hochdruckhydraulik,hydraulics,86,high,Händler;Schläuche;Service
Industriehydraulik,hydraulics,83,high,Händler;Service
Mobilhydraulik,hydraulics,88,high,Händler;Service
Hydraulikaggregate,hydraulics,78,medium,Händler;Service
Pumpenkomponenten,hydraulics,90,high,Händler;Kunststoff
Ventilkomponenten,hydraulics,91,high,Händler;Kunststoff;Elektronik
Armaturenhersteller,hydraulics,82,high,Händler;Sanitärarmaturen
